{
  "f1": 0.46308724832214765,
  "precision": 0.6363636363636364,
  "recall": 0.36397889977392617,
  "roc_auc": 0.7579353631009869,
  "n_test": 6000
}