{
  "baseline_rf_cv_f1": 0.47429280126908246,
  "f1": 0.4595500239348971,
  "precision": 0.6299212598425197,
  "recall": 0.3617181612660136,
  "roc_auc": 0.7594518753292777,
  "n_test": 6000
}